"Sample_ID","X....","Genotype","Hs04083572","Hs04502391","Hs00010001","rsIDs_matched"
"110_14","CYP2D6","*2/*41",2,2,2,"rs1065852, rs1135840, rs16947, rs267608319, rs28371706, rs28371725, rs35742686, rs3892097, rs5030655, rs5030656, rs5030867, rs59421388, rs769258, rs79292917"
"110_14","CYP2D6","*2XN/*41",3,3,3,"rs1065852, rs1135840, rs16947, rs267608319, rs28371706, rs28371725, rs35742686, rs3892097, rs5030655, rs5030656, rs5030867, rs59421388, rs769258, rs79292917"
"110_14","CYP2D6","*2/*41XN",3,3,3,"rs1065852, rs1135840, rs16947, rs267608319, rs28371706, rs28371725, rs35742686, rs3892097, rs5030655, rs5030656, rs5030867, rs59421388, rs769258, rs79292917"
"110_14","CYP3A4","*1/*1",NA,NA,NA,"rs2740574, rs35599367, rs67666821"
"110_14","CYP1A2","*1F/*1F",NA,NA,NA,"rs2069514, rs762551"
"110_14","CYP2C9","*1/*1",NA,NA,NA,"rs1057910, rs1799853, rs28371685, rs28371686, rs7900194, rs9332131"
"1116_15","CYP2C19","*1/*1",NA,NA,NA,"rs12248560, rs12769205, rs17884712, rs28399504, rs41291556, rs4244285, rs4986893, rs56337013, rs6413438, rs72552267"
"1116_15","CYP3A4","*1/*1B",NA,NA,NA,"rs2740574, rs35599367, rs67666821"
"1116_15","CYP2B6","*1/*1",NA,NA,NA,"rs2279343, rs28399499, rs3211371, rs34223104, rs36060847, rs3745274"
"1116_15","CYP2C9","*1/*1",NA,NA,NA,"rs1057910, rs1799853, rs28371685, rs28371686, rs7900194, rs9332131"
"2201979","CYP2D6","*4/*29",2,2,2,"rs1065852, rs1135840, rs16947, rs267608319, rs28371706, rs28371725, rs35742686, rs3892097, rs5030655, rs5030656, rs5030867, rs59421388, rs769258, rs79292917"
"2201979","CYP2D6","*4XN/*29",3,3,3,"rs1065852, rs1135840, rs16947, rs267608319, rs28371706, rs28371725, rs35742686, rs3892097, rs5030655, rs5030656, rs5030867, rs59421388, rs769258, rs79292917"
"2201979","CYP2D6","*4/*29XN",3,3,3,"rs1065852, rs1135840, rs16947, rs267608319, rs28371706, rs28371725, rs35742686, rs3892097, rs5030655, rs5030656, rs5030867, rs59421388, rs769258, rs79292917"
"2201979","CYP2C19","*1/*1",NA,NA,NA,"rs12248560, rs12769205, rs17884712, rs28399504, rs41291556, rs4244285, rs4986893, rs56337013, rs6413438, rs72552267"
"2201979","CYP2B6","*1/*1",NA,NA,NA,"rs2279343, rs28399499, rs3211371, rs34223104, rs36060847, rs3745274"
"2201979","CYP2C9","*1/*1",NA,NA,NA,"rs1057910, rs1799853, rs28371685, rs28371686, rs7900194, rs9332131"
"2211190","CYP2C19","*17/*17",NA,NA,NA,"rs12248560, rs12769205, rs17884712, rs28399504, rs41291556, rs4244285, rs4986893, rs56337013, rs6413438, rs72552267"
"2211190","CYP3A4","*1/*20",NA,NA,NA,"rs2740574, rs35599367, rs67666821"
"2211190","CYP1A2","*1F/*1F",NA,NA,NA,"rs2069514, rs762551"
"2211190","CYP2B6","*1/*1",NA,NA,NA,"rs2279343, rs28399499, rs3211371, rs34223104, rs36060847, rs3745274"
"2211190","CYP2C9","*1/*1",NA,NA,NA,"rs1057910, rs1799853, rs28371685, rs28371686, rs7900194, rs9332131"
"2307942","CYP2D6","*1/*1",2,2,2,"rs1065852, rs1135840, rs16947, rs267608319, rs28371706, rs28371725, rs35742686, rs3892097, rs5030655, rs5030656, rs5030867, rs59421388, rs769258, rs79292917"
"2307942","CYP2D6","*1XN/*1",3,3,3,"rs1065852, rs1135840, rs16947, rs267608319, rs28371706, rs28371725, rs35742686, rs3892097, rs5030655, rs5030656, rs5030867, rs59421388, rs769258, rs79292917"
"2307942","CYP2D6","*1/*5",1,1,1,"rs1065852, rs1135840, rs16947, rs267608319, rs28371706, rs28371725, rs35742686, rs3892097, rs5030655, rs5030656, rs5030867, rs59421388, rs769258, rs79292917"
"2307942","CYP2D6","*1XN/*5",2,2,2,"rs1065852, rs1135840, rs16947, rs267608319, rs28371706, rs28371725, rs35742686, rs3892097, rs5030655, rs5030656, rs5030867, rs59421388, rs769258, rs79292917"
"2307942","CYP2C19","*1/*1",NA,NA,NA,"rs12248560, rs12769205, rs17884712, rs28399504, rs41291556, rs4244285, rs4986893, rs56337013, rs6413438, rs72552267"
"2307942","CYP2C9","*1/*1",NA,NA,NA,"rs1057910, rs1799853, rs28371685, rs28371686, rs7900194, rs9332131"
"274_18","CYP2C19","*1/*17",NA,NA,NA,"rs12248560, rs12769205, rs17884712, rs28399504, rs41291556, rs4244285, rs4986893, rs56337013, rs6413438, rs72552267"
"274_18","CYP3A4","*1/*1",NA,NA,NA,"rs2740574, rs35599367, rs67666821"
"274_18","CYP2C9","*1/*1",NA,NA,NA,"rs1057910, rs1799853, rs28371685, rs28371686, rs7900194, rs9332131"
"27_22","CYP2D6","*2/*2",2,2,2,"rs1065852, rs1135840, rs16947, rs267608319, rs28371706, rs28371725, rs35742686, rs3892097, rs5030655, rs5030656, rs5030867, rs59421388, rs769258, rs79292917"
"27_22","CYP2D6","*2XN/*2",3,3,3,"rs1065852, rs1135840, rs16947, rs267608319, rs28371706, rs28371725, rs35742686, rs3892097, rs5030655, rs5030656, rs5030867, rs59421388, rs769258, rs79292917"
"27_22","CYP2D6","*2/*5",1,1,1,"rs1065852, rs1135840, rs16947, rs267608319, rs28371706, rs28371725, rs35742686, rs3892097, rs5030655, rs5030656, rs5030867, rs59421388, rs769258, rs79292917"
"27_22","CYP2D6","*2XN/*5",2,2,2,"rs1065852, rs1135840, rs16947, rs267608319, rs28371706, rs28371725, rs35742686, rs3892097, rs5030655, rs5030656, rs5030867, rs59421388, rs769258, rs79292917"
"27_22","CYP2C19","*1/*17",NA,NA,NA,"rs12248560, rs12769205, rs17884712, rs28399504, rs41291556, rs4244285, rs4986893, rs56337013, rs6413438, rs72552267"
"27_22","CYP3A4","*1/*1",NA,NA,NA,"rs2740574, rs35599367, rs67666821"
"27_22","CYP1A2","*1F/*1F",NA,NA,NA,"rs2069514, rs762551"
"27_22","CYP2C9","*1/*1",NA,NA,NA,"rs1057910, rs1799853, rs28371685, rs28371686, rs7900194, rs9332131"
"37_18","CYP2D6","*5/*9",1,1,1,"rs1065852, rs1135840, rs16947, rs267608319, rs28371706, rs28371725, rs35742686, rs3892097, rs5030655, rs5030656, rs5030867, rs59421388, rs769258, rs79292917"
"37_18","CYP2D6","*5/*9XN",2,2,2,"rs1065852, rs1135840, rs16947, rs267608319, rs28371706, rs28371725, rs35742686, rs3892097, rs5030655, rs5030656, rs5030867, rs59421388, rs769258, rs79292917"
"37_18","CYP2D6","*9/*9",2,2,2,"rs1065852, rs1135840, rs16947, rs267608319, rs28371706, rs28371725, rs35742686, rs3892097, rs5030655, rs5030656, rs5030867, rs59421388, rs769258, rs79292917"
"37_18","CYP2D6","*9XN/*9",3,3,3,"rs1065852, rs1135840, rs16947, rs267608319, rs28371706, rs28371725, rs35742686, rs3892097, rs5030655, rs5030656, rs5030867, rs59421388, rs769258, rs79292917"
"37_18","CYP3A4","*1/*1",NA,NA,NA,"rs2740574, rs35599367, rs67666821"
"37_18","CYP2C9","*1/*2",NA,NA,NA,"rs1057910, rs1799853, rs28371685, rs28371686, rs7900194, rs9332131"
"706_22","CYP3A4","*1/*1",NA,NA,NA,"rs2740574, rs35599367, rs67666821"
"706_22","CYP2C9","*1/*1",NA,NA,NA,"rs1057910, rs1799853, rs28371685, rs28371686, rs7900194, rs9332131"
"ARR-10","CYP2D6","*2/*4",2,2,2,"rs1065852, rs1135840, rs16947, rs267608319, rs28371706, rs28371725, rs35742686, rs3892097, rs5030655, rs5030656, rs5030867, rs59421388, rs769258, rs79292917"
"ARR-10","CYP2D6","*2XN/*4",3,3,3,"rs1065852, rs1135840, rs16947, rs267608319, rs28371706, rs28371725, rs35742686, rs3892097, rs5030655, rs5030656, rs5030867, rs59421388, rs769258, rs79292917"
"ARR-10","CYP2D6","*2/*4XN",3,3,3,"rs1065852, rs1135840, rs16947, rs267608319, rs28371706, rs28371725, rs35742686, rs3892097, rs5030655, rs5030656, rs5030867, rs59421388, rs769258, rs79292917"
"ARR-10","CYP2D6","*4K/*39",2,2,2,"rs1065852, rs1135840, rs16947, rs267608319, rs28371706, rs28371725, rs35742686, rs3892097, rs5030655, rs5030656, rs5030867, rs59421388, rs769258, rs79292917"
"ARR-10","CYP2D6","*4KXN/*39",3,3,3,"rs1065852, rs1135840, rs16947, rs267608319, rs28371706, rs28371725, rs35742686, rs3892097, rs5030655, rs5030656, rs5030867, rs59421388, rs769258, rs79292917"
"ARR-10","CYP2D6","*4K/*39XN",3,3,3,"rs1065852, rs1135840, rs16947, rs267608319, rs28371706, rs28371725, rs35742686, rs3892097, rs5030655, rs5030656, rs5030867, rs59421388, rs769258, rs79292917"
"ARR-10","CYP2C19","*1/*1",NA,NA,NA,"rs12248560, rs12769205, rs17884712, rs28399504, rs41291556, rs4244285, rs4986893, rs56337013, rs6413438, rs72552267"
"ARR-10","CYP3A4","*1/*1",NA,NA,NA,"rs2740574, rs35599367, rs67666821"
"ARR-10","CYP2C9","*1/*1",NA,NA,NA,"rs1057910, rs1799853, rs28371685, rs28371686, rs7900194, rs9332131"
"C-1","CYP3A4","*1/*1",NA,NA,NA,"rs2740574, rs35599367, rs67666821"
"C-1","CYP1A2","*1F/*1F",NA,NA,NA,"rs2069514, rs762551"
"C-1","CYP2C9","*1/*1",NA,NA,NA,"rs1057910, rs1799853, rs28371685, rs28371686, rs7900194, rs9332131"
"C-2","CYP2D6","*4/*41",2,2,2,"rs1065852, rs1135840, rs16947, rs267608319, rs28371706, rs28371725, rs35742686, rs3892097, rs5030655, rs5030656, rs5030867, rs59421388, rs769258, rs79292917"
"C-2","CYP2D6","*4XN/*41",3,3,3,"rs1065852, rs1135840, rs16947, rs267608319, rs28371706, rs28371725, rs35742686, rs3892097, rs5030655, rs5030656, rs5030867, rs59421388, rs769258, rs79292917"
"C-2","CYP2D6","*4/*41XN",3,3,3,"rs1065852, rs1135840, rs16947, rs267608319, rs28371706, rs28371725, rs35742686, rs3892097, rs5030655, rs5030656, rs5030867, rs59421388, rs769258, rs79292917"
"C-2","CYP3A4","*1/*1",NA,NA,NA,"rs2740574, rs35599367, rs67666821"
"C-2","CYP2C9","*1/*1",NA,NA,NA,"rs1057910, rs1799853, rs28371685, rs28371686, rs7900194, rs9332131"
"C-3","CYP3A4","*1/*1",NA,NA,NA,"rs2740574, rs35599367, rs67666821"
"C-3","CYP1A2","*1F/*1F",NA,NA,NA,"rs2069514, rs762551"
"C-3","CYP2C9","*1/*2",NA,NA,NA,"rs1057910, rs1799853, rs28371685, rs28371686, rs7900194, rs9332131"
"C-4","CYP2D6","*1/*35",2,2,2,"rs1065852, rs1135840, rs16947, rs267608319, rs28371706, rs28371725, rs35742686, rs3892097, rs5030655, rs5030656, rs5030867, rs59421388, rs769258, rs79292917"
"C-4","CYP2D6","*1XN/*35",3,3,3,"rs1065852, rs1135840, rs16947, rs267608319, rs28371706, rs28371725, rs35742686, rs3892097, rs5030655, rs5030656, rs5030867, rs59421388, rs769258, rs79292917"
"C-4","CYP2D6","*1/*35XN",3,3,3,"rs1065852, rs1135840, rs16947, rs267608319, rs28371706, rs28371725, rs35742686, rs3892097, rs5030655, rs5030656, rs5030867, rs59421388, rs769258, rs79292917"
"C-4","CYP2C19","*1/*1",NA,NA,NA,"rs12248560, rs12769205, rs17884712, rs28399504, rs41291556, rs4244285, rs4986893, rs56337013, rs6413438, rs72552267"
"C-4","CYP3A4","*1/*1",NA,NA,NA,"rs2740574, rs35599367, rs67666821"
"C-4","CYP1A2","*1F/*1F",NA,NA,NA,"rs2069514, rs762551"
"C-4","CYP2B6","*1/*1",NA,NA,NA,"rs2279343, rs28399499, rs3211371, rs34223104, rs36060847, rs3745274"
"C-5","CYP2C19","*1/*1",NA,NA,NA,"rs12248560, rs12769205, rs17884712, rs28399504, rs41291556, rs4244285, rs4986893, rs56337013, rs6413438, rs72552267"
"C-5","CYP3A4","*1/*1",NA,NA,NA,"rs2740574, rs35599367, rs67666821"
"C-5","CYP1A2","*1F/*1F",NA,NA,NA,"rs2069514, rs762551"
"C-5","CYP2B6","*1/*1",NA,NA,NA,"rs2279343, rs28399499, rs3211371, rs34223104, rs36060847, rs3745274"
"C-5","CYP2C9","*1/*2",NA,NA,NA,"rs1057910, rs1799853, rs28371685, rs28371686, rs7900194, rs9332131"
"C-9","CYP2D6","*5/*10",1,1,1,"rs1065852, rs1135840, rs16947, rs267608319, rs28371706, rs28371725, rs35742686, rs3892097, rs5030655, rs5030656, rs5030867, rs59421388, rs769258, rs79292917"
"C-9","CYP2D6","*5/*10XN",2,2,2,"rs1065852, rs1135840, rs16947, rs267608319, rs28371706, rs28371725, rs35742686, rs3892097, rs5030655, rs5030656, rs5030867, rs59421388, rs769258, rs79292917"
"C-9","CYP2D6","*10/*10",2,2,2,"rs1065852, rs1135840, rs16947, rs267608319, rs28371706, rs28371725, rs35742686, rs3892097, rs5030655, rs5030656, rs5030867, rs59421388, rs769258, rs79292917"
"C-9","CYP2D6","*10XN/*10",3,3,3,"rs1065852, rs1135840, rs16947, rs267608319, rs28371706, rs28371725, rs35742686, rs3892097, rs5030655, rs5030656, rs5030867, rs59421388, rs769258, rs79292917"
"C-9","CYP2C19","*3/*17",NA,NA,NA,"rs12248560, rs12769205, rs17884712, rs28399504, rs41291556, rs4244285, rs4986893, rs56337013, rs6413438, rs72552267"
"C-9","CYP3A4","*1/*1",NA,NA,NA,"rs2740574, rs35599367, rs67666821"
"C-9","CYP2C9","*1/*1",NA,NA,NA,"rs1057910, rs1799853, rs28371685, rs28371686, rs7900194, rs9332131"
"C1-10/I","CYP2D6","*1/*35",2,2,2,"rs1065852, rs1135840, rs16947, rs267608319, rs28371706, rs28371725, rs35742686, rs3892097, rs5030655, rs5030656, rs5030867, rs59421388, rs769258, rs79292917"
"C1-10/I","CYP2D6","*1XN/*35",3,3,3,"rs1065852, rs1135840, rs16947, rs267608319, rs28371706, rs28371725, rs35742686, rs3892097, rs5030655, rs5030656, rs5030867, rs59421388, rs769258, rs79292917"
"C1-10/I","CYP2D6","*1/*35XN",3,3,3,"rs1065852, rs1135840, rs16947, rs267608319, rs28371706, rs28371725, rs35742686, rs3892097, rs5030655, rs5030656, rs5030867, rs59421388, rs769258, rs79292917"
"C1-10/I","CYP2C19","*17/*17",NA,NA,NA,"rs12248560, rs12769205, rs17884712, rs28399504, rs41291556, rs4244285, rs4986893, rs56337013, rs6413438, rs72552267"
"C1-10/I","CYP3A4","*1/*1",NA,NA,NA,"rs2740574, rs35599367, rs67666821"
"C1-10/I","CYP2B6","*1/*1",NA,NA,NA,"rs2279343, rs28399499, rs3211371, rs34223104, rs36060847, rs3745274"
"C1-10/I","CYP2C9","*1/*1",NA,NA,NA,"rs1057910, rs1799853, rs28371685, rs28371686, rs7900194, rs9332131"
"C2-11/J","CYP2D6","*4/*4",2,2,2,"rs1065852, rs1135840, rs16947, rs267608319, rs28371706, rs28371725, rs35742686, rs3892097, rs5030655, rs5030656, rs5030867, rs59421388, rs769258, rs79292917"
"C2-11/J","CYP2D6","*4XN/*4",3,3,3,"rs1065852, rs1135840, rs16947, rs267608319, rs28371706, rs28371725, rs35742686, rs3892097, rs5030655, rs5030656, rs5030867, rs59421388, rs769258, rs79292917"
"C2-11/J","CYP2D6","*4/*5",1,1,1,"rs1065852, rs1135840, rs16947, rs267608319, rs28371706, rs28371725, rs35742686, rs3892097, rs5030655, rs5030656, rs5030867, rs59421388, rs769258, rs79292917"
"C2-11/J","CYP2D6","*4XN/*5",2,2,2,"rs1065852, rs1135840, rs16947, rs267608319, rs28371706, rs28371725, rs35742686, rs3892097, rs5030655, rs5030656, rs5030867, rs59421388, rs769258, rs79292917"
"C2-11/J","CYP2C19","*1/*1",NA,NA,NA,"rs12248560, rs12769205, rs17884712, rs28399504, rs41291556, rs4244285, rs4986893, rs56337013, rs6413438, rs72552267"
"C2-11/J","CYP1A2","*1F/*1F",NA,NA,NA,"rs2069514, rs762551"
"C2-9/H","CYP2D6","*1/*35",2,2,2,"rs1065852, rs1135840, rs16947, rs267608319, rs28371706, rs28371725, rs35742686, rs3892097, rs5030655, rs5030656, rs5030867, rs59421388, rs769258, rs79292917"
"C2-9/H","CYP2D6","*1XN/*35",3,3,3,"rs1065852, rs1135840, rs16947, rs267608319, rs28371706, rs28371725, rs35742686, rs3892097, rs5030655, rs5030656, rs5030867, rs59421388, rs769258, rs79292917"
"C2-9/H","CYP2D6","*1/*35XN",3,3,3,"rs1065852, rs1135840, rs16947, rs267608319, rs28371706, rs28371725, rs35742686, rs3892097, rs5030655, rs5030656, rs5030867, rs59421388, rs769258, rs79292917"
"C2-9/H","CYP2C19","*1/*1",NA,NA,NA,"rs12248560, rs12769205, rs17884712, rs28399504, rs41291556, rs4244285, rs4986893, rs56337013, rs6413438, rs72552267"
"C2-9/H","CYP3A4","*1/*1",NA,NA,NA,"rs2740574, rs35599367, rs67666821"
"C2-9/H","CYP2B6","*1/*1",NA,NA,NA,"rs2279343, rs28399499, rs3211371, rs34223104, rs36060847, rs3745274"
"C2-9/H","CYP2C9","*1/*1",NA,NA,NA,"rs1057910, rs1799853, rs28371685, rs28371686, rs7900194, rs9332131"
"DNA CONTROL","CYP2D6","*1/*10",2,2,2,"rs1065852, rs1135840, rs16947, rs267608319, rs28371706, rs28371725, rs35742686, rs3892097, rs5030655, rs5030656, rs5030867, rs59421388, rs769258, rs79292917"
"DNA CONTROL","CYP2D6","*1XN/*10",3,3,3,"rs1065852, rs1135840, rs16947, rs267608319, rs28371706, rs28371725, rs35742686, rs3892097, rs5030655, rs5030656, rs5030867, rs59421388, rs769258, rs79292917"
"DNA CONTROL","CYP2D6","*1/*10XN",3,3,3,"rs1065852, rs1135840, rs16947, rs267608319, rs28371706, rs28371725, rs35742686, rs3892097, rs5030655, rs5030656, rs5030867, rs59421388, rs769258, rs79292917"
"DNA CONTROL","CYP3A4","*1B/*1B",NA,NA,NA,"rs2740574, rs35599367, rs67666821"
"DNA CONTROL","CYP2B6","*1/*1",NA,NA,NA,"rs2279343, rs28399499, rs3211371, rs34223104, rs36060847, rs3745274"
"DNA CONTROL","CYP2C9","*1/*1",NA,NA,NA,"rs1057910, rs1799853, rs28371685, rs28371686, rs7900194, rs9332131"
