Sample ID,Target,CN Predicted
110_14,Hs04083572_cn,2
1116_15,Hs04083572_cn,2
112_18,Hs04083572_cn,2
115_22,Hs04083572_cn,2
1166_14,Hs04083572_cn,2
11_14,Hs04083572_cn,2
129_19,Hs04083572_cn,2
134_21,Hs04083572_cn,1
137_22,Hs04083572_cn,2
183_15,Hs04083572_cn,1
183_22,Hs04083572_cn,2
18_16,Hs04083572_cn,2
1_15,Hs04083572_cn,2
217_16,Hs04083572_cn,2
218_18,Hs04083572_cn,
218_20,Hs04083572_cn,2
225_15,Hs04083572_cn,2
23_18,Hs04083572_cn,2
242_14,Hs04083572_cn,2
283_22,Hs04083572_cn,3
297_14,Hs04083572_cn,2
324_21,Hs04083572_cn,2
327_19,Hs04083572_cn,2
336_18,Hs04083572_cn,2
351_21,Hs04083572_cn,2
375_22,Hs04083572_cn,2
379_20,Hs04083572_cn,2
383_17,Hs04083572_cn,2
38_18,Hs04083572_cn,2
C2N,Hs04083572_cn,2
C3N,Hs04083572_cn,3
NTC,Hs04083572_cn,
373_15,Hs04502391_cn,2
374_15,Hs04502391_cn,2
375_15,Hs04502391_cn,2
37_18,Hs04502391_cn,2
427_22,Hs04502391_cn,3
446_15,Hs04502391_cn,3
448_15,Hs04502391_cn,2
478_14,Hs04502391_cn,2
504_15,Hs04502391_cn,6
504_19,Hs04502391_cn,
524_14,Hs04502391_cn,1
556_21,Hs04502391_cn,2
561_19,Hs04502391_cn,2
575_16,Hs04502391_cn,5
577_15,Hs04502391_cn,2
590_18,Hs04502391_cn,2
596_21,Hs04502391_cn,3
609_20,Hs04502391_cn,2
611_20,Hs04502391_cn,2
616_14,Hs04502391_cn,2
626_15,Hs04502391_cn,2
664_17,Hs04502391_cn,3
676_19,Hs04502391_cn,2
677_14,Hs04502391_cn,2
681_19,Hs04502391_cn,2
684_14,Hs04502391_cn,2
706_22,Hs04502391_cn,2
723_19,Hs04502391_cn,2
748_19,Hs04502391_cn,2
C2N,Hs04502391_cn,2
C3N,Hs04502391_cn,3
NTC,Hs04502391_cn,