"Sample ID","Hs04083572_cn","Hs00010001_cn","Hs04502391_cn"
"110_14",2,2,2
"1116_15",2,2,2
"112_18",2,2,2
"115_22",2,2,2
"1166_14",2,2,2
"11_14",2,2,2
"129_19",2,2,2
"134_21",1,1,1
"137_22",2,2,2
"183_15",1,1,1
"183_22",2,2,2
"18_16",2,2,2
"1_15",2,2,2
"217_16",2,2,2
"218_20",2,2,2
"225_15",2,2,2
"23_18",2,2,2
"242_14",2,2,2
"283_22",3,3,3
"297_14",2,2,2
"324_21",2,2,2
"327_19",2,2,2
"336_18",2,2,2
"351_21",2,2,2
"375_22",2,2,2
"379_20",2,2,2
"383_17",2,2,2
"38_18",2,2,2
"C2N",2,2,2
"C3N",3,3,3
