# Project Name : XMV33
# Project Description : 
# Exported By : farmaxen.coordinacion@usc.es
# Export Date : 2025-05-26 02:43:17 PM
# Analysis Group Name : Default Analysis Group
# Call Settings : Real-time Rn Data
# Block Type : OpenArray
# Instrument Type : QuantStudio 12K Flex Real-Time PCR System
# Number of Experiments : 1
# Software Version Number : 2020.1.4-Q1-20-build1
# Creation Date : 2024-04-03 12:55:17 PM
# Created By : farmaxen.coordinacion@usc.es
# Last Modified Date : 2024-04-03 12:55:18 PM
# Last Modified By : farmaxen.coordinacion@usc.es

"Assay Name","Assay ID","Call Method","Normalize Cluster","Protect Manual Calls","Use Reference Panels","Use Hardy Weinberg","Heterozygotes","Baseline","Cycle Number",
"rs10264272_ZSCAN25_CYP3A5_C__30203950_10","C__30203950_10","AUTO","false","true","true","true","ALLOW_HETE","true","",
"rs1042713_ADRB2_C___2084764_20","C___2084764_20","AUTO","false","true","true","true","ALLOW_HETE","true","",
"rs1045642_ABCB1_C___7586657_20","C___7586657_20","AUTO","false","true","true","true","ALLOW_HETE","true","",
"rs10509681_CYP2C8_C__25625782_20","C__25625782_20","AUTO","false","true","true","true","ALLOW_HETE","true","",
"rs1057910_CYP2C9_C__27104892_10","C__27104892_10","AUTO","false","true","true","true","ALLOW_HETE","true","",
"rs1058930_CYP2C8_C__25761568_20","C__25761568_20","AUTO","false","true","true","true","ALLOW_HETE","true","",
"rs1061235_HLA_A_31_01_ANNMDMC","ANNMDMC","AUTO","false","true","true","true","ALLOW_HETE","true","",
"rs1065852_CYP2D6_ANNMDMU","ANNMDMU","AUTO","false","true","true","true","ALLOW_HETE","true","",
"rs1065852_LOC102723722_CYP2D6_CYP2D7_NDUFA6_AS1_C__11484460_40","C__11484460_40","AUTO","false","true","true","true","ALLOW_HETE","true","",
"rs1079598_DRD2_C_175696181_20","C_175696181_20","AUTO","false","true","true","true","ALLOW_HETE","true","",
"rs11195419_ADRA2A_C__31263380_10","C__31263380_10","AUTO","false","true","true","true","ALLOW_HETE","true","",
"rs1124493_DRD2_C___7486660_40","C___7486660_40","AUTO","false","true","true","true","ALLOW_HETE","true","",
"rs1128503_ABCB1_C___7586662_10","C___7586662_10","AUTO","false","true","true","true","ALLOW_HETE","true","",
"rs1135840_LOC102723722_CYP2D6_NDUFA6_AS1_C__27102414_10","C__27102414_10","AUTO","false","true","true","true","ALLOW_HETE","true","",
"rs1142345_TPMT_NHLRC1_C_____19567_20","C_____19567_20","AUTO","false","true","true","true","ALLOW_HETE","true","",
"rs11572103_CYP2C8_C__30634034_10","C__30634034_10","AUTO","false","true","true","true","ALLOW_HETE","true","",
"rs116855232_NUDT15_SUCLA2_C_154823200_10","C_154823200_10","AUTO","false","true","true","true","ALLOW_HETE","true","",
"rs11964968_GSTA1_ANGZ2CN","ANGZ2CN","AUTO","false","true","true","true","ALLOW_HETE","true","",
"rs12248560_CYP2C19_ANMGH2W","ANMGH2W","AUTO","false","true","true","true","ALLOW_HETE","true","",
"rs12248560_CYP2C19_C____469857_10","C____469857_10","AUTO","false","true","true","true","ALLOW_HETE","true","",
"rs12708954_SLC6A2_C___3020071_10","C___3020071_10","AUTO","false","true","true","true","ALLOW_HETE","true","",
"rs12769205_CYP2C19_C__25744790_10","C__25744790_10","AUTO","false","true","true","true","ALLOW_HETE","true","",
"rs12777823_CYP2C19_C__31983399_10","C__31983399_10","AUTO","false","true","true","true","ALLOW_HETE","true","",
"rs12979860_IFNL4_IFNL3_C___7820464_10","C___7820464_10","AUTO","false","true","true","true","ALLOW_HETE","true","",
"rs1414334_HTR2C_C___7455701_10","C___7455701_10","AUTO","false","true","true","true","ALLOW_HETE","true","",
"rs144012689_HLA_B_15_02_ANRWZR6","ANRWZR6","AUTO","false","true","true","true","ALLOW_HETE","true","",
"rs16947_CYP2D6_ANPR67R","ANPR67R","AUTO","false","true","true","true","ALLOW_HETE","true","",
"rs16947_LOC102723722_CYP2D6_NDUFA6_AS1_C__27102425_50","C__27102425_50","AUTO","false","true","true","true","ALLOW_HETE","true","",
"rs17110453_CYP2C8_C___1980090_20","C___1980090_20","AUTO","false","true","true","true","ALLOW_HETE","true","",
"rs17179220_HLA_A_31_01_C__33415939_10","C__33415939_10","AUTO","false","true","true","true","ALLOW_HETE","true","",
"rs17884712_CYP2C19_C__25745302_30","C__25745302_30","AUTO","false","true","true","true","ALLOW_HETE","true","",
"rs1799732_DRD2_C__33641686_10","C__33641686_10","AUTO","false","true","true","true","ALLOW_HETE","true","",
"rs1799853_CYP2C9_C__25625805_10","C__25625805_10","AUTO","false","true","true","true","ALLOW_HETE","true","",
"rs1799971_OPRM1_C___8950074_1_","C___8950074_1_","AUTO","false","true","true","true","ALLOW_HETE","true","",
"rs1800460_TPMT_C__30634116_20","C__30634116_20","AUTO","false","true","true","true","ALLOW_HETE","true","",
"rs1800462_TPMT_C__12091552_30","C__12091552_30","AUTO","false","true","true","true","ALLOW_HETE","true","",
"rs1800497_DRD2_ANKK1_C___7486676_10","C___7486676_10","AUTO","false","true","true","true","ALLOW_HETE","true","",
"rs1800544_ADRA2A_C___7611979_10","C___7611979_10","AUTO","false","true","true","true","ALLOW_HETE","true","",
"rs1800584_TPMT_NHLRC1_C__12091550_20","C__12091550_20","AUTO","false","true","true","true","ALLOW_HETE","true","",
"rs1902023_UGT2B15_C__27028164_10","C__27028164_10","AUTO","false","true","true","true","ALLOW_HETE","true","",
"rs2032582_ABCB1_C_11711720C_30","C_11711720C_30","AUTO","false","true","true","true","ALLOW_HETE","true","",
"rs2032582_ABCB1_C_11711720D_40","C_11711720D_40","AUTO","false","true","true","true","ALLOW_HETE","true","",
"rs2069514_CYP1A2_C__15859191_30","C__15859191_30","AUTO","false","true","true","true","ALLOW_HETE","true","",
"rs2108622_CYP4F2_C__16179493_40","C__16179493_40","AUTO","false","true","true","true","ALLOW_HETE","true","",
"rs2231142_ABCG2_C__15854163_70","C__15854163_70","AUTO","false","true","true","true","ALLOW_HETE","true","",
"rs2242592_DRD2_ANKK1_C__11339234_20","C__11339234_20","AUTO","false","true","true","true","ALLOW_HETE","true","",
"rs2279343_CYP2B6_ANU7NXH","ANU7NXH","AUTO","false","true","true","true","ALLOW_HETE","true","",
"rs2279343_CYP2B6_C__30634238_F0","C__30634238_F0","AUTO","false","true","true","true","ALLOW_HETE","true","",
"rs2306283_SLCO1B1_C___1901697_20","C___1901697_20","AUTO","false","true","true","true","ALLOW_HETE","true","",
"rs2395029_HLA_B_57_01_C__16222070_10","C__16222070_10","AUTO","false","true","true","true","ALLOW_HETE","true","",
"rs2550948_SLC6A3_C___3284858_10","C___3284858_10","AUTO","false","true","true","true","ALLOW_HETE","true","",
"rs267606617_MT_RNR1_ANWDHGX","ANWDHGX","AUTO","false","true","true","true","ALLOW_HETE","true","50.0",
"rs267606618_MT_RNR1_ANT2VC3","ANT2VC3","AUTO","false","true","true","true","ALLOW_HETE","true","44.0",
"rs267606619_MT_RNR1_ANU7NWZ","ANU7NWZ","AUTO","false","true","true","true","ALLOW_HETE","true","",
"rs267608319_LOC102723722_CYP2D6_NDUFA6_AS1_C__32407221_30","C__32407221_30","AUTO","false","true","true","true","ALLOW_HETE","true","",
"rs2734583_HLA_B_58_01 _C__26778946_20","C__26778946_20","AUTO","false","true","true","true","ALLOW_HETE","true","",
"rs2734841_DRD2_C____326649_10","C____326649_10","AUTO","false","true","true","true","ALLOW_HETE","true","",
"rs2740574_CYP3A4_C___1837671_50","C___1837671_50","AUTO","false","true","true","true","ALLOW_HETE","true","",
"rs28371685_CYP2C9_C__30634132_70","C__30634132_70","AUTO","false","true","true","true","ALLOW_HETE","true","",
"rs28371686_CYP2C9_C__27859817_40","C__27859817_40","AUTO","false","true","true","true","ALLOW_HETE","true","",
"rs28371706_LOC102723722_CYP2D6_NDUFA6_AS1_C___2222771_A0","C___2222771_A0","AUTO","false","true","true","true","ALLOW_HETE","true","",
"rs28371725_CYP2D6_ANYM6NA","ANYM6NA","AUTO","false","true","true","true","ALLOW_HETE","true","",
"rs28371725_LOC102723722_CYP2D6_NDUFA6_AS1_C__34816116_20","C__34816116_20","AUTO","false","true","true","true","ALLOW_HETE","true","",
"rs28386840_SLC6A2_ANZTY7P","ANZTY7P","AUTO","false","true","true","true","ALLOW_HETE","true","",
"rs28399499_CYP2B6_C__60732328_20","C__60732328_20","AUTO","false","true","true","true","ALLOW_HETE","true","",
"rs28399504_CYP2C19_C__30634136_10","C__30634136_10","AUTO","false","true","true","true","ALLOW_HETE","true","",
"rs3099844_HLA_B_58_01 _C__27455402_10","C__27455402_10","AUTO","false","true","true","true","ALLOW_HETE","true","",
"rs3211371_CYP2B6_CYP2A7P1_C__30634242_40","C__30634242_40","AUTO","false","true","true","true","ALLOW_HETE","true","",
"rs34223104_CYP2B6_C__27830964_10","C__27830964_10","AUTO","false","true","true","true","ALLOW_HETE","true","",
"rs35599367_CYP3A4_C__59013445_10","C__59013445_10","AUTO","false","true","true","true","ALLOW_HETE","true","",
"rs35742686_CYP2D6_ANWDHHF","ANWDHHF","AUTO","false","true","true","true","ALLOW_HETE","true","",
"rs35742686_LOC102723722_CYP2D6_NDUFA6_AS1_C__32407232_L0","C__32407232_L0","AUTO","false","true","true","true","ALLOW_HETE","true","",
"rs36060847_CYP2B6_C__33845829_20","C__33845829_20","AUTO","false","true","true","true","ALLOW_HETE","true","",
"rs3745274_CYP2B6_C___7817765_C0","C___7817765_C0","AUTO","false","true","true","true","ALLOW_HETE","true","",
"rs3785143_SLC6A2_C__27481932_20","C__27481932_20","AUTO","false","true","true","true","ALLOW_HETE","true","",
"rs3813929_HTR2C_C__27488117_10","C__27488117_10","AUTO","false","true","true","true","ALLOW_HETE","true","",
"rs3892097_CYP2D6_ANRWZTN","ANRWZTN","AUTO","false","true","true","true","ALLOW_HETE","true","",
"rs3892097_LOC102723722_CYP2D6_NDUFA6_AS1_C__27102431_D0","C__27102431_D0","AUTO","false","true","true","true","ALLOW_HETE","true","",
"rs3909184_FLOT1_TUBB_C___8692805_10","C___8692805_10","AUTO","false","true","true","true","ALLOW_HETE","true","",
"rs3918290_DPYD_C__30633851_20","C__30633851_20","AUTO","false","true","true","true","ALLOW_HETE","true","",
"rs3957357_GSTA1_ANXHC2V","ANXHC2V","AUTO","false","true","true","true","ALLOW_HETE","true","31.0",
"rs41291556_CYP2C19_ANT2VDK","ANT2VDK","AUTO","false","true","true","true","ALLOW_HETE","true","",
"rs41291556_CYP2C19_C__30634130_30","C__30634130_30","AUTO","false","true","true","true","ALLOW_HETE","true","",
"rs41303343_ZSCAN25_CYP3A5_C__32287188_10","C__32287188_10","AUTO","false","true","true","true","ALLOW_HETE","true","",
"rs4149056_SLCO1B1_C__30633906_10","C__30633906_10","AUTO","false","true","true","true","ALLOW_HETE","true","",
"rs4244285_CYP2C19_C__25986767_70","C__25986767_70","AUTO","false","true","true","true","ALLOW_HETE","true","",
"rs429358_APOC1_TOMM40_APOE_C___3084793_20","C___3084793_20","AUTO","false","true","true","true","ALLOW_HETE","true","",
"rs4680_ARVCF_MIR4761_COMT_C__25746809_50","C__25746809_50","AUTO","false","true","true","true","ALLOW_HETE","true","",
"rs4986893_CYP2C19_C__27861809_10","C__27861809_10","AUTO","false","true","true","true","ALLOW_HETE","true","",
"rs5030655_CYP2D6_ANXHC3D","ANXHC3D","AUTO","false","true","true","true","ALLOW_HETE","true","",
"rs5030655_LOC102723722_CYP2D6_NDUFA6_AS1_C__32407243_20","C__32407243_20","AUTO","false","true","true","true","ALLOW_HETE","true","",
"rs5030656_LOC102723722_CYP2D6_NDUFA6_AS1_C__32407229_60","C__32407229_60","AUTO","false","true","true","true","ALLOW_HETE","true","",
"rs5030867_LOC102723722_CYP2D6_NDUFA6_AS1_C__32388575_A0","C__32388575_A0","AUTO","false","true","true","true","ALLOW_HETE","true","",
"rs553668_ADRA2A_C____996424_20","C____996424_20","AUTO","false","true","true","true","ALLOW_HETE","true","",
"rs55886062_DPYD_C__11985548_10","C__11985548_10","AUTO","false","true","true","true","ALLOW_HETE","true","",
"rs56038477_DPYD_C__25596099_30","C__25596099_30","AUTO","false","true","true","true","ALLOW_HETE","true","",
"rs56337013_CYP2C19_C__27861810_10","C__27861810_10","AUTO","false","true","true","true","ALLOW_HETE","true","",
"rs58912740_GSTA1_ANH6VWK","ANH6VWK","AUTO","false","true","true","true","ALLOW_HETE","true","",
"rs59421388_LOC102723722_CYP2D6_NDUFA6_AS1_C__34816113_20","C__34816113_20","AUTO","false","true","true","true","ALLOW_HETE","true","",
"rs6280_DRD3_C____949770_20","C____949770_20","AUTO","false","true","true","true","ALLOW_HETE","true","",
"rs6295_HTR1A_C__11904666_10","C__11904666_10","AUTO","false","true","true","true","ALLOW_HETE","true","",
"rs6311_HTR2A_C___8695278_10","C___8695278_10","AUTO","false","true","true","true","ALLOW_HETE","true","",
"rs6313_HTR2A_C___3042197_1_","C___3042197_1_","AUTO","false","true","true","true","ALLOW_HETE","true","",
"rs6314_HTR2A_C__11696920_20","C__11696920_20","AUTO","false","true","true","true","ALLOW_HETE","true","",
"rs6413438_CYP2C19_C__30634128_10","C__30634128_10","AUTO","false","true","true","true","ALLOW_HETE","true","",
"rs67376798_DPYD_C__27530948_10","C__27530948_10","AUTO","false","true","true","true","ALLOW_HETE","true","",
"rs67666821_CYP3A4_ANKCPGG","ANKCPGG","AUTO","false","true","true","true","ALLOW_HETE","true","",
"rs71647871_CES1_AN2XUTM","AN2XUTM","AUTO","false","true","true","true","ALLOW_HETE","true","",
"rs72552267_CYP2C19_C__27531918_10","C__27531918_10","AUTO","false","true","true","true","ALLOW_HETE","true","",
"rs7412_APOC1_TOMM40_APOE_C____904973_10","C____904973_10","AUTO","false","true","true","true","ALLOW_HETE","true","35.0",
"rs75017182_DPYD_C_104846637_10","C_104846637_10","AUTO","false","true","true","true","ALLOW_HETE","true","",
"rs762551_CYP1A2_C___8881221_40","C___8881221_40","AUTO","false","true","true","true","ALLOW_HETE","true","",
"rs769258_LOC102723722_CYP2D6_CYP2D7_NDUFA6_AS1_C__27102444_F0","C__27102444_F0","AUTO","false","true","true","true","ALLOW_HETE","true","",
"rs776746_ZSCAN25_CYP3A5_C__26201809_30","C__26201809_30","AUTO","false","true","true","true","ALLOW_HETE","true","",
"rs7900194_CYP2C9_C__25625804_10","C__25625804_10","AUTO","false","true","true","true","ALLOW_HETE","true","",
"rs79292917_LOC102723722_CYP2D6_NDUFA6_AS1_C__72649938_20","C__72649938_20","AUTO","false","true","true","true","ALLOW_HETE","true","",
"rs7997012_HTR2A_C___1619749_10","C___1619749_10","AUTO","false","true","true","true","ALLOW_HETE","true","",
"rs9263726_HLA_B_58_01_ANMGH2E","ANMGH2E","AUTO","false","true","true","true","ALLOW_HETE","true","",
"rs9332131_CYP2C9_C__32287221_20","C__32287221_20","AUTO","false","true","true","true","ALLOW_HETE","true","",
"rs9923231_PRSS53_VKORC1_C__30403261_20","C__30403261_20","AUTO","false","true","true","true","ALLOW_HETE","true","",

