# Project Name : XMV33
# Project Description : 
# Exported By : farmaxen.coordinacion@usc.es
# Export Date : 2025-05-26 02:43:17 PM
# Analysis Group Name : Default Analysis Group
# Call Settings : Real-time Rn Data
# Block Type : OpenArray
# Instrument Type : QuantStudio 12K Flex Real-Time PCR System
# Number of Experiments : 1
# Software Version Number : 2020.1.4-Q1-20-build1
# Creation Date : 2024-04-03 12:55:17 PM
# Created By : farmaxen.coordinacion@usc.es
# Last Modified Date : 2024-04-03 12:55:18 PM
# Last Modified By : farmaxen.coordinacion@usc.es

"Flag Name","Condition criteria","Threshold value","Used",
"Assay Call Rate Low","LESS_THAN","0.9","true",
"Experiment Call Rate Low","LESS_THAN","0.9","true",
"Experiment Low ROX™ Rate High","GREATER_THAN","0.1","true",
"Failed Control","","","true",
"Genotype Quality Low","LESS_THAN","0.95","true",
"Low Passive Ref","LESS_THAN","0.0","false",
"NTC Allele 1 Intensity High","GREATER_THAN","2000.0","true",
"NTC Allele 2 Intensity High","GREATER_THAN","3000.0","true",
"Reference Sample Discordance","","","true",
"Replicate Sample Discordance","","","true",
"Sample Call Rate Low","LESS_THAN","0.9","true",

