# Project Name : XMV33
# Project Description : 
# Exported By : farmaxen.coordinacion@usc.es
# Export Date : 2025-05-26 02:43:17 PM
# Analysis Group Name : Default Analysis Group
# Call Settings : Real-time Rn Data
# Block Type : OpenArray
# Instrument Type : QuantStudio 12K Flex Real-Time PCR System
# Number of Experiments : 1
# Software Version Number : 2020.1.4-Q1-20-build1
# Creation Date : 2024-04-03 12:55:17 PM
# Created By : farmaxen.coordinacion@usc.es
# Last Modified Date : 2024-04-03 12:55:18 PM
# Last Modified By : farmaxen.coordinacion@usc.es

"Sample/Assay","rs41291556_CYP2C19_ANT2VDK","rs12777823_CYP2C19_C__31983399_10","rs3892097_LOC102723722_CYP2D6_NDUFA6_AS1_C__27102431_D0","rs267606619_MT_RNR1_ANU7NWZ","rs1065852_LOC102723722_CYP2D6_CYP2D7_NDUFA6_AS1_C__11484460_40","rs1800544_ADRA2A_C___7611979_10","rs67376798_DPYD_C__27530948_10","rs2550948_SLC6A3_C___3284858_10","rs267606618_MT_RNR1_ANT2VC3","rs1079598_DRD2_C_175696181_20","rs12248560_CYP2C19_C____469857_10","rs34223104_CYP2B6_C__27830964_10","rs6314_HTR2A_C__11696920_20","rs17884712_CYP2C19_C__25745302_30","rs7412_APOC1_TOMM40_APOE_C____904973_10","rs9923231_PRSS53_VKORC1_C__30403261_20","rs776746_ZSCAN25_CYP3A5_C__26201809_30","rs3892097_CYP2D6_ANRWZTN","rs3909184_FLOT1_TUBB_C___8692805_10","rs79292917_LOC102723722_CYP2D6_NDUFA6_AS1_C__72649938_20","rs4149056_SLCO1B1_C__30633906_10","rs2279343_CYP2B6_ANU7NXH","rs1042713_ADRB2_C___2084764_20","rs58912740_GSTA1_ANH6VWK","rs3957357_GSTA1_ANXHC2V","rs17110453_CYP2C8_C___1980090_20","rs1061235_HLA_A_31_01_ANNMDMC","rs5030867_LOC102723722_CYP2D6_NDUFA6_AS1_C__32388575_A0","rs71647871_CES1_AN2XUTM","rs3099844_HLA_B_58_01 _C__27455402_10","rs10509681_CYP2C8_C__25625782_20","rs55886062_DPYD_C__11985548_10","rs2734583_HLA_B_58_01 _C__26778946_20","rs4986893_CYP2C19_C__27861809_10","rs1902023_UGT2B15_C__27028164_10","rs1414334_HTR2C_C___7455701_10","rs28371685_CYP2C9_C__30634132_70","rs1057910_CYP2C9_C__27104892_10","rs267606617_MT_RNR1_ANWDHGX","rs1045642_ABCB1_C___7586657_20","rs769258_LOC102723722_CYP2D6_CYP2D7_NDUFA6_AS1_C__27102444_F0","rs16947_LOC102723722_CYP2D6_NDUFA6_AS1_C__27102425_50","rs2032582_ABCB1_C_11711720D_40","rs6311_HTR2A_C___8695278_10","rs12769205_CYP2C19_C__25744790_10","rs2242592_DRD2_ANKK1_C__11339234_20","rs12708954_SLC6A2_C___3020071_10","rs2734841_DRD2_C____326649_10","rs2231142_ABCG2_C__15854163_70","rs41291556_CYP2C19_C__30634130_30","rs36060847_CYP2B6_C__33845829_20","rs2395029_HLA_B_57_01_C__16222070_10","rs1124493_DRD2_C___7486660_40","rs16947_CYP2D6_ANPR67R","rs762551_CYP1A2_C___8881221_40","rs28371686_CYP2C9_C__27859817_40","rs3785143_SLC6A2_C__27481932_20","rs2108622_CYP4F2_C__16179493_40","rs2740574_CYP3A4_C___1837671_50","rs144012689_HLA_B_15_02_ANRWZR6","rs1142345_TPMT_NHLRC1_C_____19567_20","rs7997012_HTR2A_C___1619749_10","rs59421388_LOC102723722_CYP2D6_NDUFA6_AS1_C__34816113_20","rs1799853_CYP2C9_C__25625805_10","rs553668_ADRA2A_C____996424_20","rs35742686_LOC102723722_CYP2D6_NDUFA6_AS1_C__32407232_L0","rs4244285_CYP2C19_C__25986767_70","rs1058930_CYP2C8_C__25761568_20","rs3813929_HTR2C_C__27488117_10","rs1799971_OPRM1_C___8950074_1_","rs75017182_DPYD_C_104846637_10","rs56337013_CYP2C19_C__27861810_10","rs6280_DRD3_C____949770_20","rs5030655_CYP2D6_ANXHC3D","rs1799732_DRD2_C__33641686_10","rs9263726_HLA_B_58_01_ANMGH2E","rs429358_APOC1_TOMM40_APOE_C___3084793_20","rs4680_ARVCF_MIR4761_COMT_C__25746809_50","rs2032582_ABCB1_C_11711720C_30","rs267608319_LOC102723722_CYP2D6_NDUFA6_AS1_C__32407221_30","rs28371725_CYP2D6_ANYM6NA","rs3745274_CYP2B6_C___7817765_C0","rs10264272_ZSCAN25_CYP3A5_C__30203950_10","rs3211371_CYP2B6_CYP2A7P1_C__30634242_40","rs28386840_SLC6A2_ANZTY7P","rs11964968_GSTA1_ANGZ2CN","rs1065852_CYP2D6_ANNMDMU","rs28371706_LOC102723722_CYP2D6_NDUFA6_AS1_C___2222771_A0","rs11572103_CYP2C8_C__30634034_10","rs116855232_NUDT15_SUCLA2_C_154823200_10","rs6413438_CYP2C19_C__30634128_10","rs1800460_TPMT_C__30634116_20","rs28399504_CYP2C19_C__30634136_10","rs1135840_LOC102723722_CYP2D6_NDUFA6_AS1_C__27102414_10","rs12248560_CYP2C19_ANMGH2W","rs3918290_DPYD_C__30633851_20","rs35742686_CYP2D6_ANWDHHF","rs7900194_CYP2C9_C__25625804_10","rs67666821_CYP3A4_ANKCPGG","rs17179220_HLA_A_31_01_C__33415939_10","rs12979860_IFNL4_IFNL3_C___7820464_10","rs6295_HTR1A_C__11904666_10","rs11195419_ADRA2A_C__31263380_10","rs72552267_CYP2C19_C__27531918_10","rs1800462_TPMT_C__12091552_30","rs35599367_CYP3A4_C__59013445_10","rs2069514_CYP1A2_C__15859191_30","rs5030655_LOC102723722_CYP2D6_NDUFA6_AS1_C__32407243_20","rs28399499_CYP2B6_C__60732328_20","rs2279343_CYP2B6_C__30634238_F0","rs56038477_DPYD_C__25596099_30","rs1800497_DRD2_ANKK1_C___7486676_10","rs28371725_LOC102723722_CYP2D6_NDUFA6_AS1_C__34816116_20","rs2306283_SLCO1B1_C___1901697_20","rs9332131_CYP2C9_C__32287221_20","rs41303343_ZSCAN25_CYP3A5_C__32287188_10","rs5030656_LOC102723722_CYP2D6_NDUFA6_AS1_C__32407229_60","rs6313_HTR2A_C___3042197_1_","rs1800584_TPMT_NHLRC1_C__12091550_20","rs1128503_ABCB1_C___7586662_10",
"110_14","T/T","A/G","C/C","C/C","G/G","C/C","T/T","C/T","T/T","A/A","C/C","T/T","G/G","G/G","C/C","T/T","C/C","C/C","C/G","C/C","C/T","G/A","G/G","UND","UND","A/A","A/A","T/T","C/C","C/C","T/T","A/A","A/A","G/G","A/C","G/G","C/C","A/A","A/A","A/G","C/C","A/A","C/C","C/T","G/A","G/G","A/C","A/A","G/G","T/T","G/G","T/T","T/T","A/A","A/A","C/C","C/C","C/T","T/T","T/T","T/T","G/G","C/C","C/C","G/G","T/T","A/G","G/G","C/T","A/A","G/G","C/C","C/C","A/A","G/G","G/A","T/T","A/A","C/A","C/C","UND","G/T","C/C","C/C","T/A","T/T","G/G","G/G","T/T","C/C","C/C","C/C","A/A","G/G","C/C","C/C","T/T","G/G","-/-","G/G","C/T","C/C","C/C","G/G","C/C","G/G","G/G","A/A","T/T","G/A","C/C","G/G","C/T","A/A","A/A","-/-","CTT/CTT","A/G","C/C","A/G",
"1116_15","T/T","G/G","C/C","C/C","G/G","C/G","T/T","C/T","T/T","A/A","C/C","T/T","A/G","G/G","C/C","C/T","UND","C/C","G/G","C/C","T/T","A/A","G/G","UND","UND","A/A","A/A","T/T","C/C","C/C","T/T","A/A","A/A","G/G","C/C","G/G","C/C","A/A","A/A","A/G","C/C","G/G","C/C","C/T","A/A","A/G","C/C","A/C","G/G","T/T","G/G","T/T","T/G","G/G","C/A","C/C","C/C","T/T","C/T","T/T","T/T","A/G","C/C","C/C","G/G","T/T","G/G","G/G","C/C","A/A","G/G","C/C","C/T","A/-","G/G","G/G","T/T","G/G","C/A","C/C","C/C","G/G","C/C","C/C","T/A","T/T","G/G","G/G","T/T","C/C","C/C","C/C","A/A","C/C","C/C","C/C","T/T","G/G","-/-","G/G","C/C","G/G","A/C","G/G","C/C","G/G","G/G","A/-","T/T","A/A","C/C","G/G","C/C","A/G","A/A","-/-","CTT/CTT","A/G","C/C","A/A",
"2201979","T/T","G/G","C/T","C/C","A/G","C/C","T/T","C/T","T/T","A/A","C/C","T/T","G/G","G/G","C/C","C/C","UND","C/T","G/G","C/C","T/T","A/A","A/G","UND","UND","A/A","A/A","T/T","C/C","A/C","T/T","A/A","A/G","G/G","A/C","G/G","C/C","A/A","A/A","A/G","C/C","A/G","C/C","C/T","A/A","A/G","C/C","A/C","G/G","T/T","G/G","T/T","T/G","A/G","A/A","C/C","C/C","C/C","C/T","T/T","C/T","A/G","C/T","C/C","G/G","T/T","G/G","G/G","C/C","A/A","G/G","C/C","C/C","A/A","G/G","G/G","C/T","G/G","C/C","C/C","C/C","G/G","C/C","C/C","A/A","T/T","A/G","G/G","T/T","C/C","C/C","C/C","A/A","G/G","UND","C/C","T/T","G/G","-/-","G/G","T/T","C/G","C/C","G/G","C/C","G/A","G/A","A/A","T/T","A/A","C/C","G/G","C/C","A/G","A/A","-/-","CTT/CTT","A/G","C/C","G/G",
"2211190","T/T","G/G","C/C","C/C","G/G","C/G","T/T","T/T","T/T","A/A","T/T","T/T","A/G","G/G","C/C","C/T","C/C","C/C","G/G","C/C","T/T","UND","A/G","UND","UND","A/A","A/A","T/T","C/C","A/A","T/T","A/A","A/G","G/G","A/A","G/G","C/C","A/A","A/A","G/G","C/C","A/G","C/C","C/C","A/A","A/A","C/C","C/C","G/G","T/T","G/G","T/T","G/G","A/G","A/A","C/C","C/C","C/T","T/T","T/T","T/T","A/G","C/C","C/C","A/G","T/T","G/G","G/G","T/T","A/A","G/G","C/C","C/C","A/A","G/G","G/A","C/T","A/G","C/C","C/C","C/C","G/G","C/C","C/C","A/A","T/C","G/G","G/G","T/T","C/C","C/C","C/C","A/A","C/G","UND","C/C","T/T","G/G","-/T","G/G","C/C","G/G","C/C","G/G","C/C","G/G","G/G","A/A","T/T","A/A","C/C","G/G","C/C","A/G","A/A","-/-","CTT/-","G/G","C/C","G/G",
"2307942","UND","G/G","C/C","C/C","G/G","C/C","T/T","C/C","T/T","G/G","C/C","T/T","G/G","G/G","C/C","C/C","C/C","C/C","G/G","C/C","T/T","G/A","G/G","UND","UND","A/C","A/A","T/T","C/C","A/C","T/T","A/A","A/G","G/G","A/C","G/G","C/C","A/A","A/A","A/G","C/C","G/G","C/C","C/C","A/A","A/A","A/C","C/C","G/G","T/T","G/G","T/T","G/G","G/G","C/A","C/C","C/C","C/C","T/T","T/T","T/T","A/G","C/C","C/C","G/G","T/T","G/G","C/G","C/C","A/A","G/G","C/C","C/T","A/A","G/G","G/A","T/T","A/G","C/A","C/C","C/C","G/T","C/C","C/C","A/A","T/T","G/G","G/G","T/T","C/C","C/C","C/C","A/A","C/C","C/C","C/C","T/T","G/G","-/-","G/G","C/T","C/C","C/C","G/G","C/C","G/A","G/G","A/A","T/T","G/A","C/C","A/A","C/C","A/G","A/A","-/-","CTT/CTT","G/G","C/C","A/G",
"274_18","T/T","G/G","C/C","C/C","G/G","C/C","T/T","C/T","T/T","A/A","C/T","T/T","G/G","G/G","C/C","C/C","C/C","C/C","G/G","C/C","T/T","G/A","A/G","UND","UND","A/A","A/A","T/T","C/C","C/C","T/T","A/A","A/A","G/G","C/C","G/G","C/C","A/A","A/A","A/G","C/C","G/G","C/C","C/T","A/A","A/A","C/C","C/C","G/G","T/T","G/G","T/T","G/G","G/G","C/A","C/C","C/C","C/T","T/T","T/T","T/T","G/G","C/C","C/C","G/G","T/T","G/G","G/G","C/C","A/A","G/G","C/C","C/T","A/A","G/G","A/A","T/T","A/A","C/C","C/C","C/C","G/T","C/C","C/C","T/A","T/T","G/G","G/G","T/T","C/C","C/C","C/C","A/A","C/C","UND","C/C","T/T","G/G","-/-","G/G","C/T","C/G","C/C","G/G","C/C","G/G","G/G","A/A","T/T","G/A","C/C","A/G","NOAMP","A/G","A/A","-/-","CTT/-","A/G","C/C","G/G",
"27_22","T/T","G/G","C/C","C/C","G/G","C/C","T/T","C/C","T/T","G/A","C/T","T/T","G/G","G/G","C/C","C/T","UND","C/C","C/G","C/C","T/T","G/A","A/G","UND","UND","A/A","A/A","T/T","C/C","C/C","T/T","A/A","A/A","G/G","A/C","G/G","C/C","A/A","A/A","A/G","C/C","A/A","C/C","C/T","A/A","A/A","C/C","C/C","G/G","T/T","G/G","T/T","G/G","A/A","A/A","C/C","C/C","C/C","T/T","T/T","T/T","G/G","C/C","C/C","G/G","T/T","G/G","G/G","C/C","A/A","G/G","C/C","C/T","A/A","G/G","G/G","T/T","G/G","C/A","C/C","C/C","G/T","C/C","C/C","A/A","T/T","G/G","G/G","T/T","C/C","C/C","C/C","A/A","G/G","C/T","C/C","T/T","G/G","-/-","G/G","C/T","C/G","C/C","G/G","C/C","G/G","G/G","A/A","T/T","G/A","C/C","A/G","C/C","A/G","A/A","-/-","CTT/CTT","A/G","C/C","A/G",
"37_18","T/T","A/G","C/C","C/C","G/G","C/G","T/T","C/T","T/T","A/A","C/C","T/T","G/G","G/G","C/C","T/T","C/C","C/C","C/G","C/C","C/C","G/A","A/G","UND","UND","A/C","A/A","T/T","C/C","C/C","C/T","A/A","A/A","G/G","A/C","G/G","C/C","A/A","A/A","A/G","C/C","G/G","C/C","C/C","G/A","A/A","A/A","C/C","G/G","T/T","G/G","T/T","G/G","G/G","C/A","C/C","C/T","C/C","T/T","T/T","T/T","A/G","C/C","C/T","G/G","T/T","A/G","C/G","C/C","A/A","G/G","C/C","T/T","A/A","G/G","G/G","T/T","A/G","C/A","C/C","C/C","G/T","C/C","C/C","T/A","T/T","G/G","G/G","T/T","C/C","C/C","C/C","A/A","C/C","C/C","C/C","T/T","G/G","-/-","G/G","C/C","C/C","A/C","G/G","C/G","G/G","G/G","A/A","T/T","G/A","C/C","G/G","C/C","G/G","A/A","-/-","-/-","G/G","C/C","A/G",
"706_22","T/T","A/G","C/C","C/C","G/G","C/C","T/T","NOAMP","T/T","A/A","C/T","T/T","G/G","G/G","C/C","C/C","C/C","C/C","C/G","C/C","T/T","G/A","G/G","UND","UND","A/C","A/A","T/T","C/C","A/C","T/T","A/A","A/G","G/G","A/A","G/G","C/C","A/A","A/A","A/G","C/C","G/G","C/C","C/T","G/A","A/A","C/C","C/C","G/T","T/T","G/G","T/T","G/G","G/G","C/A","C/C","C/C","C/T","T/T","T/T","T/T","A/G","C/C","C/C","G/G","T/T","A/G","G/G","C/C","A/A","G/G","C/C","T/T","A/A","G/G","G/G","T/T","A/A","C/C","C/C","C/C","G/T","C/C","C/T","T/A","T/T","G/G","G/G","T/T","C/C","C/C","C/C","A/A","C/C","UND","C/C","T/T","G/G","-/-","G/G","C/C","G/G","C/C","G/G","C/C","G/G","G/G","A/A","T/T","G/A","C/C","G/G","C/C","A/G","A/A","-/-","CTT/-","A/G","C/C","G/G",
"ARR-10","T/T","G/G","C/T","C/C","A/G","G/G","T/T","C/C","T/T","A/A","C/C","T/T","G/G","G/G","C/C","C/T","C/C","C/T","G/G","C/C","T/T","UND","G/G","UND","UND","A/A","A/A","T/T","C/C","C/C","T/T","A/A","A/A","G/G","A/A","G/G","C/C","A/A","A/A","A/G","C/C","A/G","C/C","C/T","A/A","A/A","C/C","C/C","G/G","T/T","G/G","T/T","G/G","A/G","C/A","C/C","C/C","C/T","T/T","T/T","T/T","A/G","C/C","C/C","A/A","T/T","G/G","G/G","C/C","A/G","G/G","C/C","C/T","A/A","G/G","A/A","T/T","A/G","C/A","C/C","C/C","G/T","C/C","C/C","A/A","T/T","A/G","G/G","T/T","C/C","C/C","C/C","A/A","G/G","C/C","C/C","T/T","G/G","-/-","UND","C/C","G/G","C/C","G/G","C/C","G/G","G/G","A/A","T/T","G/A","C/C","G/G","C/C","A/A","A/A","-/-","CTT/CTT","A/G","C/C","A/G",
"C-1","T/T","A/G","C/C","C/C","G/G","C/C","T/T","C/C","T/T","A/A","C/T","T/T","G/G","G/G","C/T","C/C","C/C","C/C","G/G","C/C","T/T","A/A","G/G","UND","UND","A/C","A/A","T/T","C/C","C/C","T/T","A/A","A/A","G/G","A/A","C/G","C/C","A/A","A/A","A/G","C/C","G/G","C/C","T/T","G/A","A/G","C/C","A/C","G/T","T/T","NOAMP","T/T","T/G","G/G","A/A","C/C","C/C","C/C","T/T","T/T","T/T","A/G","C/C","C/C","G/G","T/T","A/G","C/G","C/C","A/A","G/G","C/C","C/T","A/-","G/G","G/A","T/T","A/G","C/A","C/C","C/C","G/G","C/C","C/C","T/A","T/T","G/G","G/G","T/T","C/C","C/C","C/C","A/A","C/C","UND","C/C","T/T","G/G","-/-","G/G","C/C","C/G","C/C","G/G","C/C","G/G","G/G","A/-","T/T","A/A","C/C","G/G","C/C","A/A","A/A","-/-","CTT/CTT","A/A","C/C","G/G",
"C-2","T/T","A/G","C/T","C/C","A/G","C/G","T/T","C/C","T/T","A/A","C/C","T/T","G/G","G/G","C/C","C/C","T/T","C/T","C/G","C/C","T/T","G/A","A/G","UND","UND","A/A","A/A","T/T","C/C","C/C","T/T","A/A","A/A","G/G","A/C","G/G","C/C","A/A","A/A","G/G","C/C","A/G","C/C","C/C","G/A","G/G","C/C","C/C","G/G","T/T","G/G","T/T","T/T","A/G","A/A","C/C","C/C","C/C","T/T","T/T","T/T","G/G","C/C","C/C","G/G","T/T","A/A","G/G","C/C","A/A","G/G","C/C","C/C","A/A","G/-","G/G","C/C","A/A","C/C","C/C","UND","G/T","C/C","C/C","T/T","T/T","A/G","G/G","T/T","C/C","T/T","C/C","A/A","G/G","UND","C/C","T/T","G/G","-/-","G/G","C/C","C/G","C/C","G/G","C/C","G/G","G/A","A/A","T/T","G/A","C/C","A/A","C/T","G/G","A/A","-/-","CTT/CTT","G/G","C/C","G/G",
"C-3","UND","A/G","C/T","C/C","A/G","C/C","T/T","C/T","T/T","G/A","C/C","T/T","A/G","G/G","C/C","C/T","C/C","C/T","G/G","C/C","C/T","NOAMP","A/G","UND","UND","A/C","A/A","T/T","C/C","A/C","C/T","A/A","UND","G/G","C/C","G/G","C/C","A/A","A/A","A/G","C/C","G/G","C/C","C/T","G/A","A/G","A/C","A/C","G/G","T/T","G/G","T/T","T/G","G/G","A/A","C/C","C/C","C/C","T/T","T/T","T/T","G/G","UND","C/T","G/G","T/-","A/G","G/G","C/C","A/A","UND","C/C","C/T","A/A","G/G","G/A","T/T","A/G","NOAMP","C/C","UND","G/G","C/C","C/C","A/A","T/T","A/G","G/G","T/T","C/C","C/C","C/C","A/A","C/G","UND","C/C","T/-","G/G","-/-","UND","C/T","C/G","C/C","G/G","C/C","G/G","G/G","A/A","NOAMP","A/A","C/C","A/G","C/C","A/G","A/A","-/-","CTT/CTT","A/G","C/C","G/G",
"C-4","T/T","G/G","C/C","C/C","G/G","C/G","T/T","C/C","T/T","A/A","C/C","T/T","G/G","G/G","C/C","T/T","C/C","C/C","G/G","C/C","T/T","A/A","G/G","UND","UND","A/A","A/A","T/T","C/C","C/C","T/T","A/A","A/A","G/G","C/C","G/G","C/C","C/A","A/A","A/G","C/T","A/G","C/C","C/T","A/A","A/A","C/C","C/C","G/G","T/T","G/G","NOAMP","G/G","A/G","A/A","C/C","C/C","C/C","T/T","T/T","T/T","G/G","C/C","C/C","A/G","T/T","G/G","G/G","C/C","A/A","G/G","C/C","T/T","A/A","G/G","G/G","C/T","G/G","C/A","C/C","C/C","G/G","C/C","C/C","UND","T/T","G/G","G/G","T/T","C/C","C/C","C/C","A/A","C/G","C/C","C/C","T/T","G/G","-/-","UND","C/T","C/C","C/C","G/G","C/C","G/G","G/G","A/A","T/T","A/A","C/C","A/G","C/C","A/A","A/A","-/-","CTT/CTT","A/G","C/C","A/G",
"C-5","T/T","G/G","C/C","C/C","G/G","C/G","T/T","C/T","T/T","A/A","C/C","T/T","G/G","G/G","T/T","C/T","C/C","C/C","G/G","C/C","T/T","A/A","A/G","UND","UND","A/A","A/A","T/T","C/C","A/C","T/T","A/A","A/G","G/G","A/C","G/G","C/C","A/A","A/A","G/G","C/C","G/G","C/C","C/C","A/A","A/G","C/C","A/C","G/G","T/T","G/G","T/T","T/G","G/G","A/A","C/C","C/C","C/T","T/T","T/T","T/T","A/G","C/C","C/T","A/G","T/T","G/G","G/G","T/T","A/A","G/C","C/C","C/C","A/A","G/G","G/G","C/T","A/A","C/C","C/C","C/C","G/G","C/C","C/C","A/A","T/T","G/G","G/G","T/T","C/C","C/C","C/C","A/A","C/C","C/C","C/C","T/T","G/G","-/-","G/G","T/T","C/G","C/C","G/G","C/C","G/G","G/G","A/A","T/T","A/A","C/T","G/G","C/C","A/A","A/A","-/-","CTT/-","G/G","C/C","G/G",
"C-9","T/T","G/G","C/C","C/C","A/A","G/G","T/T","C/C","T/T","A/A","C/T","T/T","G/G","G/G","C/C","T/T","C/C","C/C","G/G","C/C","C/T","G/A","A/A","UND","UND","A/A","A/A","T/T","C/C","C/C","T/T","A/A","A/A","A/G","A/A","G/G","C/C","A/A","A/A","A/G","C/C","G/G","C/C","C/T","A/A","A/G","C/C","A/C","G/G","T/T","G/G","T/T","T/G","G/G","C/A","C/C","C/T","C/T","T/T","T/T","T/T","G/G","C/C","C/C","A/A","T/T","G/G","G/G","C/T","A/G","G/G","C/C","C/T","A/A","G/G","G/G","T/T","G/G","C/A","C/C","C/C","G/T","C/C","C/C","T/A","T/T","A/A","G/G","T/T","C/C","C/C","C/C","A/A","G/G","UND","C/C","T/T","G/G","-/-","G/G","C/C","C/G","C/C","G/G","C/C","G/G","G/A","A/A","T/T","G/A","C/C","G/G","C/C","A/G","A/A","-/-","CTT/CTT","A/G","C/C","A/G",
"C1-10/I","UND","G/G","C/C","C/C","G/G","C/G","T/T","C/T","T/T","A/A","T/T","T/T","G/G","G/G","C/C","C/C","C/C","C/C","G/G","C/C","C/T","A/A","A/G","UND","UND","A/A","A/A","T/T","C/C","A/C","T/T","A/A","A/G","G/G","A/A","C/G","C/C","A/A","A/A","A/G","C/T","A/G","C/C","C/C","A/A","A/G","C/C","A/C","G/G","T/T","G/G","T/T","T/G","UND","C/A","C/C","C/C","C/T","T/T","T/T","T/T","A/A","C/C","C/C","A/G","T/T","G/G","G/G","C/C","A/A","G/G","C/C","C/T","A/A","G/G","G/A","T/T","A/G","C/A","C/C","C/C","G/G","C/C","C/C","T/A","T/T","G/G","G/G","T/T","C/C","C/C","C/C","A/A","C/G","T/T","C/T","T/T","G/G","-/-","G/G","C/T","C/C","C/C","G/G","C/C","G/G","G/G","A/A","T/T","A/A","C/C","A/G","C/C","A/G","A/A","-/-","CTT/CTT","G/G","C/C","A/G",
"C2-11/J","T/T","G/G","T/T","C/C","A/A","C/C","A/T","T/T","T/T","A/A","C/C","T/T","G/G","G/G","C/C","C/T","C/C","T/T","C/G","C/C","T/T","G/A","G/G","UND","UND","A/A","A/A","T/T","C/C","C/C","T/T","A/A","A/A","G/G","A/A","G/G","C/C","A/A","A/A","A/G","C/C","G/G","C/C","T/T","A/A","A/A","C/C","C/C","G/G","NOAMP","G/G","T/T","G/G","G/G","A/A","C/C","C/C","T/T","T/T","T/T","T/T","G/G","C/C","C/C","G/G","T/T","G/G","G/G","C/C","A/A","G/G","C/C","C/T","A/A","NOAMP","G/G","T/T","A/G","C/C","C/C","C/C","G/T","C/C","C/T","T/A","T/T","A/A","G/G","T/T","C/C","C/C","C/C","A/A","G/G","C/C","C/C","T/T","NOAMP","-/-","G/G","C/T","C/C","C/C","G/G","C/C","G/A","G/G","A/A","T/T","G/A","C/C","G/G","C/C","A/G","A/A","-/-","CTT/CTT","A/A","C/C","G/G",
"C2-9/H","T/T","G/G","C/C","C/C","G/G","C/G","T/T","C/T","T/T","G/A","C/C","T/T","G/G","G/G","C/C","C/T","C/C","C/C","G/G","C/C","C/T","A/A","A/A","UND","UND","A/A","A/T","T/T","C/C","C/C","T/T","A/C","A/A","G/G","A/C","G/G","C/C","A/A","A/A","A/G","C/T","A/G","C/C","C/T","A/A","A/A","A/C","C/C","G/G","T/T","G/G","T/T","G/G","A/G","C/A","C/C","C/T","C/C","T/T","T/T","T/T","A/G","C/C","C/C","A/G","T/T","G/G","G/G","C/C","A/G","G/G","C/C","C/T","A/A","G/G","G/G","T/T","A/G","C/C","C/C","C/C","G/G","C/C","C/C","T/A","T/T","G/G","G/G","T/T","C/C","C/C","C/C","A/A","C/G","C/C","C/C","T/T","G/G","-/-","G/G","C/T","G/G","C/C","G/G","C/C","G/G","G/G","A/A","T/T","A/A","C/C","A/G","C/C","A/G","A/A","-/-","CTT/CTT","A/G","C/C","A/G",
"DNA CONTROL","T/T","A/G","C/C","C/C","A/G","G/G","T/T","C/C","T/T","A/A","C/T","T/T","A/G","G/G","C/C","C/C","T/T","C/C","G/G","C/C","T/T","A/A","A/A","C/G","UND","A/A","A/A","T/T","C/C","C/C","T/T","A/A","A/A","G/G","A/C","G/G","C/C","A/A","A/A","G/G","C/C","G/G","C/C","C/T","G/A","A/G","C/C","A/C","G/G","T/T","G/G","T/T","T/G","G/G","C/A","C/C","C/C","C/C","C/C","T/T","T/T","G/G","C/C","C/C","G/G","T/T","A/G","G/G","C/C","A/A","G/G","C/C","C/C","A/A","G/-","G/A","C/C","G/G","C/C","C/C","C/C","G/G","C/C","C/C","T/T","T/T","A/G","G/G","A/T","C/C","C/C","C/C","A/A","C/G","C/T","C/C","T/T","G/G","-/-","G/G","C/T","C/G","A/A","G/G","C/C","G/G","G/A","A/A","T/T","A/A","C/C","G/G","C/C","A/A","A/A","-/-","CTT/CTT","A/G","C/C","G/G",
"Empty","","","","","","","","","","","","","","","","","","","","","","","","","","","","","","","","","","","","","","","","","","","","","","","","","","","","","","","","","","","","","","","","","","","","","","","","","","","","","","","","","","","","","","","","","","","","","","","","","","","","","","","","","","","","","","","","","","","","","","","","",
"GB2-C","UND","UND","UND","UND","UND","UND","UND","UND","UND","UND","UND","UND","UND","UND","UND","UND","UND","UND","UND","UND","UND","NOAMP","NOAMP","UND","UND","UND","UND","NOAMP","UND","UND","UND","UND","UND","UND","UND","UND","UND","UND","UND","UND","UND","UND","UND","UND","UND","UND","UND","UND","UND","UND","UND","UND","UND","NOAMP","UND","UND","UND","UND","UND","UND","NOAMP","UND","UND","UND","UND","UND","UND","UND","UND","UND","UND","UND","NOAMP","UND","UND","UND","UND","UND","UND","UND","UND","UND","UND","UND","UND","UND","NOAMP","UND","UND","UND","UND","UND","UND","UND","UND","UND","UND","UND","UND","UND","UND","NOAMP","UND","UND","NOAMP","UND","UND","UND","UND","G/G","UND","UND","UND","UND","UND","UND","NOAMP","UND","UND","UND",
"GB2-D","NOAMP","UND","UND","UND","UND","UND","UND","UND","UND","NOAMP","UND","UND","NOAMP","UND","UND","UND","UND","NOAMP","UND","UND","UND","NOAMP","NOAMP","UND","UND","UND","NOAMP","NOAMP","UND","UND","UND","UND","NOAMP","UND","UND","UND","UND","UND","A/A","UND","UND","UND","UND","UND","UND","UND","UND","UND","UND","UND","UND","UND","UND","NOAMP","UND","UND","UND","UND","UND","UND","NOAMP","UND","UND","UND","UND","UND","UND","UND","UND","UND","UND","UND","NOAMP","NOAMP","UND","NOAMP","UND","UND","NOAMP","UND","NOAMP","UND","UND","UND","UND","UND","NOAMP","UND","UND","UND","UND","UND","UND","NOAMP","UND","UND","UND","UND","UND","UND","UND","UND","UND","UND","NOAMP","UND","UND","UND","C/C","UND","UND","UND","UND","UND","UND","UND","NOAMP","UND","UND","UND",
"GB3-D","NOAMP","UND","UND","NOAMP","UND","UND","UND","UND","NOAMP","UND","UND","NOAMP","NOAMP","UND","UND","UND","UND","NOAMP","UND","UND","UND","NOAMP","NOAMP","UND","NOAMP","UND","NOAMP","NOAMP","UND","UND","UND","UND","NOAMP","UND","UND","UND","UND","UND","NOAMP","UND","UND","UND","UND","UND","UND","UND","UND","UND","UND","UND","UND","UND","UND","NOAMP","UND","UND","UND","UND","UND","NOAMP","NOAMP","UND","UND","UND","NOAMP","UND","UND","UND","UND","UND","UND","UND","NOAMP","NOAMP","UND","NOAMP","UND","UND","NOAMP","UND","NOAMP","G/G","NOAMP","NOAMP","UND","UND","NOAMP","UND","UND","UND","UND","UND","UND","NOAMP","UND","UND","NOAMP","UND","UND","UND","NOAMP","NOAMP","UND","UND","NOAMP","NOAMP","UND","UND","C/T","UND","UND","UND","UND","UND","UND","UND","NOAMP","UND","NOAMP","UND",
"NTC","N/A","N/A","N/A","N/A","N/A","N/A","N/A","N/A","N/A","N/A","N/A","N/A","N/A","N/A","N/A","N/A","N/A","N/A","N/A","N/A","N/A","N/A","N/A","N/A","N/A","N/A","N/A","N/A","N/A","N/A","N/A","N/A","N/A","N/A","N/A","N/A","N/A","N/A","N/A","N/A","N/A","N/A","N/A","N/A","N/A","N/A","N/A","N/A","N/A","N/A","N/A","N/A","N/A","N/A","N/A","N/A","N/A","N/A","N/A","N/A","N/A","N/A","N/A","N/A","N/A","N/A","N/A","N/A","N/A","N/A","N/A","N/A","N/A","N/A","N/A","N/A","N/A","N/A","N/A","N/A","N/A","N/A","N/A","N/A","N/A","N/A","N/A","N/A","N/A","N/A","N/A","N/A","N/A","N/A","N/A","N/A","N/A","N/A","N/A","N/A","N/A","N/A","N/A","N/A","N/A","N/A","N/A","N/A","N/A","N/A","N/A","N/A","N/A","N/A","N/A","N/A","N/A","N/A","N/A","N/A",

